Apple iPhone 11 (256GB) - Black,https://m.media-amazon.com/images/I/51kGDXeFZKL._AC_UY218_ML3_.jpg,Unavailable
Apple iPhone 11 Pro (64GB) - Space Grey,https://m.media-amazon.com/images/I/61m6DjujESL._AC_UY218_ML3_.jpg,Unavailable
Apple iPhone 11 Pro Max (64GB) - Space Grey,https://m.media-amazon.com/images/I/61tuQdl2yLL._AC_UY218_ML3_.jpg,Unavailable
Apple iPhone 6s (32GB) - Space Grey,https://m.media-amazon.com/images/I/516jNlSnB-L._AC_UY218_ML3_.jpg,₹29,900₹29,900.
Apple iPhone XR (64GB) - Black,https://m.media-amazon.com/images/I/519KIlHA2wL._AC_UY218_ML3_.jpg,Unavailable
Apple iPhone XR (64GB) - White,https://m.media-amazon.com/images/I/51PuFBgBK4L._AC_UY218_ML3_.jpg,Unavailable
Apple iPhone XR (128GB) - Black,https://m.media-amazon.com/images/I/51qBzX0pGYL._AC_UY218_ML3_.jpg,Unavailable
Apple iPhone XR (64GB) (Product) RED,https://m.media-amazon.com/images/I/51YXG1bDM5L._AC_UY218_ML3_.jpg,Unavailable
Apple iPhone XR (64GB) - Blue,https://m.media-amazon.com/images/I/51n24DedexL._AC_UY218_ML3_.jpg,Unavailable
IPHONE XI, XI Pro, XIR and XI Max: The new iPhone 11 Tips and Leaks,https://m.media-amazon.com/images/I/71SjHyNtmRL._AC_UY218_ML3_.jpg,Unavailable
OPPO Reno2 F (Lake Green, 8GB RAM, 128GB Storage) with No Cost EMI/Additional Exchange Offers,https://m.media-amazon.com/images/I/8121-n8-ekL._AC_UY218_ML3_.jpg,₹32,990₹32,990.
Apple iPhone 6s (32GB) - Silver,https://m.media-amazon.com/images/I/515cR1uRzxL._AC_UY218_ML3_.jpg,₹29,900₹29,900.
Apple iPhone XR (128GB) (Product) RED,https://m.media-amazon.com/images/I/51YXG1bDM5L._AC_UY218_ML3_.jpg,Unavailable
Apple iPhone XR (64GB) - Coral,https://m.media-amazon.com/images/I/51cCOStn+rL._AC_UY218_ML3_.jpg,Unavailable
OPPO Reno2 F (Sky White, 8GB RAM, 128GB Storage) with No Cost EMI/Additional Exchange Offers,https://m.media-amazon.com/images/I/71P71LmSAGL._AC_UY218_ML3_.jpg,₹32,990₹32,990.
Apple iPhone XR (128GB) - White,https://m.media-amazon.com/images/I/51SoC1zEpZL._AC_UY218_ML3_.jpg,Unavailable
